"YEAR","MONTH","MAKE","MODEL","QUANTITY","PCT"
2013,12,"BMW ","BMW X1",65,0.6
2013,1,"BMW ","BMW X3",195,1.7
2013,5,"BMW ","BMW X3",136,1.1
2013,9,"BMW ","BMW X3",138,1.1
2013,12,"BMW ","BMW X3",83,0.7
2014,1,"BMW ","BMW X3",186,1.6
2014,2,"BMW ","BMW X3",147,1.3
2014,3,"BMW ","BMW i3",336,2.4
2014,4,"BMW ","BMW i3",236,1.9
2014,5,"BMW ","BMW i3",131,1.1
2014,6,"BMW ","BMW i3",146,1.3
2014,7,"BMW ","BMW i3",124,1.1
2014,8,"BMW ","BMW i3",202,1.8
2014,9,"BMW ","BMW i3",149,1.3
2014,10,"BMW ","BMW i3",130,1
2014,11,"BMW ","BMW i3",156,1.4
2013,5,"Audi ","Audi A3",211,1.8
2013,7,"Audi ","Audi A3",222,2
2013,8,"Audi ","Audi A3",213,1.8
2013,9,"Audi ","Audi A3",196,1.6
2013,10,"Audi ","Audi A3",202,1.6
2013,11,"Audi ","Audi A3",147,1.2
2013,12,"Audi ","Audi A3",170,1.5
2014,1,"Audi ","Audi A3",151,1.3
2014,3,"Audi ","Audi A3",201,1.5
2014,4,"Audi ","Audi A3",240,2
2014,5,"Audi ","Audi A3",219,1.8
2014,6,"Audi ","Audi A3",196,1.7
2014,7,"Audi ","Audi A3",222,1.9
2014,8,"Audi ","Audi A3",200,1.7
2014,9,"Audi ","Audi A3",146,1.3
2014,10,"Audi ","Audi A3",221,1.7
2014,11,"Audi ","Audi A3",157,1.4
2013,1,"Audi ","Audi A4",179,1.5
2013,2,"Audi ","Audi A4",169,1.5
2013,3,"Audi ","Audi A4",139,1.3
2013,4,"Audi ","Audi A4",247,1.8
2013,5,"Audi ","Audi A4",197,1.6
2013,6,"Audi ","Audi A4",159,1.5
2013,7,"Audi ","Audi A4",185,1.6
2013,8,"Audi ","Audi A4",135,1.2
2013,9,"Audi ","Audi A4",148,1.2
2013,10,"Audi ","Audi A4",170,1.3
2013,11,"Audi ","Audi A4",122,1
2013,12,"Audi ","Audi A4",103,0.9
2013,12,"Audi ","Audi Q3",59,0.5
2013,5,"Ford ","Ford Kuga",171,1.4
2013,7,"Ford ","Ford Kuga",158,1.4
2013,12,"Ford ","Ford Kuga",174,1.5
2014,1,"Ford ","Ford Kuga",152,1.3
2013,12,"Kia ","Kia cee'd",59,0.5
2013,1,"Volvo ","Volvo V40",243,2.1
2013,2,"Volvo ","Volvo V40",260,2.3
2013,3,"Volvo ","Volvo V40",270,2.5
2013,4,"Volvo ","Volvo V40",369,2.6
2013,5,"Volvo ","Volvo V40",400,3.3
2013,6,"Volvo ","Volvo V40",251,2.3
2013,7,"Volvo ","Volvo V40",329,2.9
2013,8,"Volvo ","Volvo V40",217,1.9
2013,9,"Volvo ","Volvo V40",373,3.1
2013,10,"Volvo ","Volvo V40",319,2.5
2013,11,"Volvo ","Volvo V40",260,2.2
2013,12,"Volvo ","Volvo V40",542,4.8
2014,2,"Volvo ","Volvo V40",209,1.9
2014,3,"Volvo ","Volvo V40",267,1.9
2014,4,"Volvo ","Volvo V40",258,2.1
2014,5,"Volvo ","Volvo V40",327,2.7
2014,6,"Volvo ","Volvo V40",275,2.4
2014,7,"Volvo ","Volvo V40",304,2.6
2014,8,"Volvo ","Volvo V40",176,1.5
2014,9,"Volvo ","Volvo V40",272,2.3
2014,10,"Volvo ","Volvo V40",337,2.6
2014,11,"Volvo ","Volvo V40",287,2.5
2013,1,"Volvo ","Volvo V60",211,1.8
2013,2,"Volvo ","Volvo V60",186,1.6
2013,3,"Volvo ","Volvo V60",190,1.8
2013,4,"Volvo ","Volvo V60",243,1.7
2013,5,"Volvo ","Volvo V60",144,1.2
2013,6,"Volvo ","Volvo V60",103,0.9
2013,7,"Volvo ","Volvo V60",164,1.4
2013,8,"Volvo ","Volvo V60",109,0.9
2013,9,"Volvo ","Volvo V60",200,1.6
2013,10,"Volvo ","Volvo V60",221,1.7
2013,11,"Volvo ","Volvo V60",220,1.8
2013,12,"Volvo ","Volvo V60",416,3.7
2013,1,"Volvo ","Volvo V70",269,2.3
2013,2,"Volvo ","Volvo V70",200,1.8
2013,3,"Volvo ","Volvo V70",219,2
2013,4,"Volvo ","Volvo V70",264,1.9
2013,5,"Volvo ","Volvo V70",217,1.8
2013,6,"Volvo ","Volvo V70",218,2
2013,7,"Volvo ","Volvo V70",233,2.1
2013,8,"Volvo ","Volvo V70",141,1.2
2013,9,"Volvo ","Volvo V70",272,2.2
2013,10,"Volvo ","Volvo V70",291,2.3
2013,11,"Volvo ","Volvo V70",306,2.5
2013,12,"Volvo ","Volvo V70",542,4.8
2014,1,"Volvo ","Volvo V70",166,1.5
2014,2,"Volvo ","Volvo V70",194,1.7
2014,3,"Volvo ","Volvo V70",233,1.7
2014,4,"Volvo ","Volvo V70",220,1.8
2014,5,"Volvo ","Volvo V70",192,1.6
2014,6,"Volvo ","Volvo V70",193,1.7
2014,7,"Volvo ","Volvo V70",252,2.2
2014,8,"Volvo ","Volvo V70",197,1.7
2014,9,"Volvo ","Volvo V70",266,2.3
2014,10,"Volvo ","Volvo V70",343,2.6
2014,11,"Volvo ","Volvo V70",283,2.5
2014,12,"Volvo ","Volvo V70",562,4.4
2013,1,"Ford ","Ford Focus",317,2.7
2013,2,"Ford ","Ford Focus",253,2.2
2013,3,"Ford ","Ford Focus",264,2.5
2013,4,"Ford ","Ford Focus",325,2.3
2013,5,"Ford ","Ford Focus",335,2.8
2013,6,"Ford ","Ford Focus",295,2.7
2013,7,"Ford ","Ford Focus",232,2.1
2013,8,"Ford ","Ford Focus",258,2.2
2013,9,"Ford ","Ford Focus",251,2.1
2013,10,"Ford ","Ford Focus",257,2
2013,11,"Ford ","Ford Focus",203,1.7
2013,12,"Ford ","Ford Focus",179,1.6
2014,4,"Ford ","Ford Focus",266,2.2
2014,5,"Ford ","Ford Focus",159,1.3
2014,6,"Ford ","Ford Focus",239,2.1
2014,7,"Ford ","Ford Focus",150,1.3
2014,8,"Ford ","Ford Focus",144,1.3
2014,9,"Ford ","Ford Focus",161,1.4
2014,10,"Ford ","Ford Focus",139,1.1
2014,11,"Ford ","Ford Focus",219,1.9
2013,12,"Ford ","Ford S-Max",101,0.9
2013,1,"Honda ","Honda CR-V",204,1.8
2013,2,"Honda ","Honda CR-V",227,2
2013,3,"Honda ","Honda CR-V",214,2
2013,4,"Honda ","Honda CR-V",205,1.5
2013,5,"Honda ","Honda CR-V",164,1.4
2013,6,"Honda ","Honda CR-V",132,1.2
2013,7,"Honda ","Honda CR-V",76,0.7
2013,8,"Honda ","Honda CR-V",121,1
2013,12,"Honda ","Honda CR-V",178,1.6
2013,1,"Mazda ","Mazda CX-5",490,4.2
2013,2,"Mazda ","Mazda CX-5",497,4.4
2013,3,"Mazda ","Mazda CX-5",489,4.6
2013,4,"Mazda ","Mazda CX-5",243,1.7
2013,5,"Mazda ","Mazda CX-5",167,1.4
2013,6,"Mazda ","Mazda CX-5",336,3.1
2013,7,"Mazda ","Mazda CX-5",502,4.4
2013,8,"Mazda ","Mazda CX-5",506,4.3
2013,9,"Mazda ","Mazda CX-5",421,3.5
2013,10,"Mazda ","Mazda CX-5",299,2.3
2013,11,"Mazda ","Mazda CX-5",250,2.1
2013,12,"Mazda ","Mazda CX-5",187,1.6
2014,1,"Mazda ","Mazda CX-5",406,3.6
2014,2,"Mazda ","Mazda CX-5",214,1.9
2014,3,"Mazda ","Mazda CX-5",389,2.8
2014,4,"Mazda ","Mazda CX-5",229,1.9
2014,5,"Mazda ","Mazda CX-5",366,3
2014,6,"Mazda ","Mazda CX-5",283,2.5
2014,7,"Mazda ","Mazda CX-5",323,2.8
2014,8,"Mazda ","Mazda CX-5",360,3.1
2014,9,"Mazda ","Mazda CX-5",361,3.1
2014,10,"Mazda ","Mazda CX-5",331,2.6
2014,11,"Mazda ","Mazda CX-5",368,3.2
2013,5,"Opel ","Opel Mokka",238,2
2013,6,"Opel ","Opel Mokka",110,1
2013,12,"Opel ","Opel Mokka",155,1.4
2013,12,"Skoda ","Skoda Yeti",65,0.6
2013,9,"Suzuki ","Suzuki SX4",132,1.1
2013,12,"Suzuki ","Suzuki SX4",211,1.9
2014,1,"Suzuki ","Suzuki SX4",314,2.8
2014,2,"Suzuki ","Suzuki SX4",209,1.9
2014,3,"Suzuki ","Suzuki SX4",168,1.2
2014,4,"Suzuki ","Suzuki SX4",165,1.4
2014,5,"Suzuki ","Suzuki SX4",163,1.3
2014,6,"Suzuki ","Suzuki SX4",135,1.2
2014,7,"Suzuki ","Suzuki SX4",174,1.5
2014,8,"Suzuki ","Suzuki SX4",142,1.2
2014,9,"Suzuki ","Suzuki SX4",196,1.7
2014,10,"Suzuki ","Suzuki SX4",208,1.6
2014,11,"Suzuki ","Suzuki SX4",150,1.3
2013,5,"Volvo ","Volvo XC60",159,1.3
2013,7,"Volvo ","Volvo XC60",155,1.4
2013,9,"Volvo ","Volvo XC60",214,1.8
2013,12,"Volvo ","Volvo XC60",350,3.1
2014,1,"Volvo ","Volvo XC60",174,1.5
2014,2,"Volvo ","Volvo XC60",163,1.4
2014,3,"Volvo ","Volvo XC60",223,1.6
2014,11,"Volvo ","Volvo XC60",215,1.9
2013,5,"BMW ","BMW 1-serie",140,1.2
2013,7,"BMW ","BMW 1-serie",121,1.1
2013,9,"BMW ","BMW 1-serie",131,1.1
2013,12,"BMW ","BMW 1-serie",83,0.7
2013,1,"BMW ","BMW 3-serie",192,1.6
2013,5,"BMW ","BMW 3-serie",173,1.4
2013,7,"BMW ","BMW 3-serie",143,1.3
2013,9,"BMW ","BMW 3-serie",213,1.8
2013,10,"BMW ","BMW 3-serie",114,0.9
2013,11,"BMW ","BMW 3-serie",141,1.2
2013,12,"BMW ","BMW 3-serie",97,0.9
2014,1,"BMW ","BMW 3-serie",235,2.1
2014,2,"BMW ","BMW 3-serie",182,1.6
2014,3,"BMW ","BMW 3-serie",220,1.6
2014,4,"BMW ","BMW 3-serie",216,1.8
2014,5,"BMW ","BMW 3-serie",165,1.3
2014,6,"BMW ","BMW 3-serie",123,1.1
2014,7,"BMW ","BMW 3-serie",141,1.2
2014,8,"BMW ","BMW 3-serie",139,1.2
2014,9,"BMW ","BMW 3-serie",108,0.9
2013,5,"Ford ","Ford Fiesta",151,1.3
2013,12,"Ford ","Ford Fiesta",111,1
2013,5,"Ford ","Ford Mondeo",148,1.2
2013,7,"Ford ","Ford Mondeo",161,1.4
2013,9,"Ford ","Ford Mondeo",133,1.1
2013,12,"Ford ","Ford Mondeo",117,1
2013,7,"Hyundai ","Hyundai i20",133,1.2
2013,9,"Hyundai ","Hyundai i20",112,0.9
2013,1,"Nissan ","Nissan Leaf",265,2.3
2013,2,"Nissan ","Nissan Leaf",287,2.5
2013,3,"Nissan ","Nissan Leaf",297,2.8
2013,4,"Nissan ","Nissan Leaf",455,3.3
2013,5,"Nissan ","Nissan Leaf",330,2.7
2013,6,"Nissan ","Nissan Leaf",340,3.1
2013,7,"Nissan ","Nissan Leaf",268,2.4
2013,8,"Nissan ","Nissan Leaf",448,3.8
2013,9,"Nissan ","Nissan Leaf",349,2.9
2013,10,"Nissan ","Nissan Leaf",716,5.6
2013,11,"Nissan ","Nissan Leaf",512,4.2
2013,12,"Nissan ","Nissan Leaf",337,3
2014,1,"Nissan ","Nissan Leaf",650,5.7
2014,2,"Nissan ","Nissan Leaf",484,4.3
2014,3,"Nissan ","Nissan Leaf",425,3.1
2014,4,"Nissan ","Nissan Leaf",451,3.7
2014,5,"Nissan ","Nissan Leaf",342,2.8
2014,6,"Nissan ","Nissan Leaf",313,2.7
2014,7,"Nissan ","Nissan Leaf",313,2.7
2014,8,"Nissan ","Nissan Leaf",400,3.5
2014,9,"Nissan ","Nissan Leaf",367,3.2
2014,10,"Nissan ","Nissan Leaf",372,2.9
2014,11,"Nissan ","Nissan Leaf",311,2.7
2013,1,"Peugeot ","Peugeot 208",194,1.7
2013,2,"Peugeot ","Peugeot 208",187,1.7
2013,3,"Peugeot ","Peugeot 208",148,1.4
2013,5,"Peugeot ","Peugeot 208",194,1.6
2013,9,"Peugeot ","Peugeot 208",143,1.2
2014,1,"Peugeot ","Peugeot 308",160,1.4
2014,10,"Peugeot ","Peugeot 308",260,2
2013,1,"Peugeot ","Peugeot 508",180,1.5
2013,5,"Peugeot ","Peugeot 508",137,1.1
2013,12,"Skoda ","Skoda Rapid",63,0.6
2013,12,"Toyota ","Toyota RAV4",185,1.6
2013,4,"Toyota ","Toyota Rav4",410,2.9
2013,5,"Toyota ","Toyota Rav4",356,3
2013,6,"Toyota ","Toyota Rav4",448,4.1
2013,7,"Toyota ","Toyota Rav4",423,3.7
2013,8,"Toyota ","Toyota Rav4",368,3.2
2013,9,"Toyota ","Toyota Rav4",312,2.6
2013,10,"Toyota ","Toyota Rav4",300,2.3
2013,11,"Toyota ","Toyota Rav4",259,2.1
2014,1,"Toyota ","Toyota Rav4",282,2.5
2014,2,"Toyota ","Toyota Rav4",342,3
2014,3,"Toyota ","Toyota Rav4",369,2.7
2014,4,"Toyota ","Toyota Rav4",274,2.3
2014,5,"Toyota ","Toyota Rav4",348,2.8
2014,6,"Toyota ","Toyota Rav4",308,2.7
2014,7,"Toyota ","Toyota Rav4",319,2.7
2014,8,"Toyota ","Toyota Rav4",301,2.6
2014,9,"Toyota ","Toyota Rav4",294,2.5
2014,10,"Toyota ","Toyota Rav4",279,2.2
2014,11,"Toyota ","Toyota Rav4",294,2.6
2013,12,"Hyundai ","Hyundai ix35",70,0.6
2013,2,"Kia ","Kia Sportage",175,1.5
2013,7,"Kia ","Kia Sportage",136,1.2
2013,9,"Kia ","Kia Sportage",196,1.6
2013,12,"Kia ","Kia Sportage",154,1.4
2013,12,"Peugeot ","Peugeot 2008",72,0.6
2014,1,"Peugeot ","Peugeot 2008",183,1.6
2014,2,"Peugeot ","Peugeot 2008",184,1.6
2013,7,"Skoda ","Skoda Superb",112,1
2013,12,"Skoda ","Skoda Superb",64,0.6
2013,2,"Toyota ","Toyota Auris",410,3.6
2013,3,"Toyota ","Toyota Auris",400,3.7
2013,4,"Toyota ","Toyota Auris",431,3.1
2013,5,"Toyota ","Toyota Auris",397,3.3
2013,6,"Toyota ","Toyota Auris",269,2.5
2013,7,"Toyota ","Toyota Auris",257,2.3
2013,8,"Toyota ","Toyota Auris",459,3.9
2013,9,"Toyota ","Toyota Auris",511,4.2
2013,10,"Toyota ","Toyota Auris",679,5.3
2013,11,"Toyota ","Toyota Auris",525,4.3
2013,12,"Toyota ","Toyota Auris",311,2.7
2014,1,"Toyota ","Toyota Auris",563,4.9
2014,2,"Toyota ","Toyota Auris",453,4
2014,3,"Toyota ","Toyota Auris",472,3.4
2014,4,"Toyota ","Toyota Auris",418,3.5
2014,5,"Toyota ","Toyota Auris",408,3.3
2014,6,"Toyota ","Toyota Auris",399,3.5
2014,7,"Toyota ","Toyota Auris",456,3.9
2014,8,"Toyota ","Toyota Auris",461,4
2014,9,"Toyota ","Toyota Auris",537,4.6
2014,10,"Toyota ","Toyota Auris",480,3.7
2014,11,"Toyota ","Toyota Auris",381,3.3
2013,1,"Toyota ","Toyota Prius",248,2.1
2013,2,"Toyota ","Toyota Prius",197,1.7
2013,3,"Toyota ","Toyota Prius",154,1.4
2013,4,"Toyota ","Toyota Prius",151,1.1
2013,7,"Toyota ","Toyota Prius",142,1.3
2013,9,"Toyota ","Toyota Prius",118,1
2013,1,"Toyota ","Toyota Yaris",403,3.5
2013,2,"Toyota ","Toyota Yaris",390,3.4
2013,3,"Toyota ","Toyota Yaris",240,2.2
2013,4,"Toyota ","Toyota Yaris",297,2.1
2013,5,"Toyota ","Toyota Yaris",366,3
2013,6,"Toyota ","Toyota Yaris",350,3.2
2013,7,"Toyota ","Toyota Yaris",441,3.9
2013,8,"Toyota ","Toyota Yaris",426,3.7
2013,9,"Toyota ","Toyota Yaris",297,2.4
2013,10,"Toyota ","Toyota Yaris",446,3.5
2013,11,"Toyota ","Toyota Yaris",383,3.2
2013,12,"Toyota ","Toyota Yaris",211,1.9
2014,1,"Toyota ","Toyota Yaris",351,3.1
2014,2,"Toyota ","Toyota Yaris",314,2.8
2014,3,"Toyota ","Toyota Yaris",304,2.2
2014,4,"Toyota ","Toyota Yaris",268,2.2
2014,5,"Toyota ","Toyota Yaris",378,3.1
2014,6,"Toyota ","Toyota Yaris",331,2.9
2014,7,"Toyota ","Toyota Yaris",289,2.5
2014,8,"Toyota ","Toyota Yaris",204,1.8
2014,9,"Toyota ","Toyota Yaris",339,2.9
2014,10,"Toyota ","Toyota Yaris",440,3.4
2014,11,"Toyota ","Toyota Yaris",361,3.1
2013,12,"Opel ","Opel Insignia",78,0.7
2013,3,"Skoda ","Skoda Octavia",243,2.3
2013,4,"Skoda ","Skoda Octavia",252,1.8
2013,5,"Skoda ","Skoda Octavia",187,1.6
2013,6,"Skoda ","Skoda Octavia",184,1.7
2013,7,"Skoda ","Skoda Octavia",236,2.1
2013,8,"Skoda ","Skoda Octavia",324,2.8
2013,9,"Skoda ","Skoda Octavia",444,3.6
2013,10,"Skoda ","Skoda Octavia",540,4.2
2013,11,"Skoda ","Skoda Octavia",524,4.3
2013,12,"Skoda ","Skoda Octavia",510,4.5
2014,1,"Skoda ","Skoda Octavia",378,3.3
2014,2,"Skoda ","Skoda Octavia",308,2.7
2014,3,"Skoda ","Skoda Octavia",301,2.2
2014,4,"Skoda ","Skoda Octavia",398,3.3
2014,5,"Skoda ","Skoda Octavia",412,3.3
2014,6,"Skoda ","Skoda Octavia",381,3.3
2014,7,"Skoda ","Skoda Octavia",336,2.9
2014,8,"Skoda ","Skoda Octavia",354,3.1
2014,9,"Skoda ","Skoda Octavia",323,2.8
2014,10,"Skoda ","Skoda Octavia",483,3.7
2014,11,"Skoda ","Skoda Octavia",361,3.1
2013,9,"Tesla ","Tesla Model S",616,5.1
2013,12,"Tesla ","Tesla Model S",553,4.9
2014,2,"Tesla ","Tesla Model S",431,3.8
2014,3,"Tesla ","Tesla Model S",1493,10.8
2014,4,"Tesla ","Tesla Model S",171,1.4
2014,5,"Tesla ","Tesla Model S",371,3
2014,6,"Tesla ","Tesla Model S",536,4.7
2014,7,"Tesla ","Tesla Model S",114,1
2014,8,"Tesla ","Tesla Model S",183,1.6
2014,9,"Tesla ","Tesla Model S",104,0.9
2014,10,"Tesla ","Tesla Model S",36,0.3
2014,11,"Tesla ","Tesla Model S",202,1.8
2013,12,"Mitsubishi ","Mitsubishi ASX",155,1.4
2013,1,"Nissan ","Nissan Qashqai",277,2.4
2013,2,"Nissan ","Nissan Qashqai",195,1.7
2013,3,"Nissan ","Nissan Qashqai",259,2.4
2013,4,"Nissan ","Nissan Qashqai",266,1.9
2013,5,"Nissan ","Nissan Qashqai",261,2.2
2013,6,"Nissan ","Nissan Qashqai",230,2.1
2013,7,"Nissan ","Nissan Qashqai",289,2.6
2013,8,"Nissan ","Nissan Qashqai",200,1.7
2013,9,"Nissan ","Nissan Qashqai",183,1.5
2013,10,"Nissan ","Nissan Qashqai",240,1.9
2013,11,"Nissan ","Nissan Qashqai",131,1.1
2013,12,"Nissan ","Nissan Qashqai",96,0.8
2014,2,"Nissan ","Nissan Qashqai",292,2.6
2014,3,"Nissan ","Nissan Qashqai",403,2.9
2014,4,"Nissan ","Nissan Qashqai",334,2.8
2014,5,"Nissan ","Nissan Qashqai",358,2.9
2014,6,"Nissan ","Nissan Qashqai",208,1.8
2014,7,"Nissan ","Nissan Qashqai",259,2.2
2014,8,"Nissan ","Nissan Qashqai",199,1.7
2014,9,"Nissan ","Nissan Qashqai",189,1.6
2014,10,"Nissan ","Nissan Qashqai",296,2.3
2014,11,"Nissan ","Nissan Qashqai",191,1.7
2013,1,"Toyota ","Toyota Avensis",203,1.7
2013,2,"Toyota ","Toyota Avensis",196,1.7
2013,3,"Toyota ","Toyota Avensis",224,2.1
2013,4,"Toyota ","Toyota Avensis",208,1.5
2013,5,"Toyota ","Toyota Avensis",276,2.3
2013,6,"Toyota ","Toyota Avensis",165,1.5
2013,7,"Toyota ","Toyota Avensis",222,2
2013,8,"Toyota ","Toyota Avensis",157,1.3
2013,9,"Toyota ","Toyota Avensis",188,1.5
2013,10,"Toyota ","Toyota Avensis",176,1.4
2013,11,"Toyota ","Toyota Avensis",102,0.8
2013,12,"Toyota ","Toyota Avensis",58,0.5
2013,7,"Volkswagen ","Volkswagen up!",142,1.3
2013,12,"Volkswagen ","Volkswagen up!",368,3.2
2014,1,"Volkswagen ","Volkswagen up!",218,1.9
2014,2,"Volkswagen ","Volkswagen up!",265,2.4
2014,3,"Volkswagen ","Volkswagen up!",444,3.2
2014,4,"Volkswagen ","Volkswagen up!",348,2.9
2014,5,"Volkswagen ","Volkswagen up!",465,3.8
2014,6,"Volkswagen ","Volkswagen up!",251,2.2
2014,7,"Volkswagen ","Volkswagen up!",338,2.9
2014,8,"Volkswagen ","Volkswagen up!",364,3.2
2014,9,"Volkswagen ","Volkswagen up!",289,2.5
2014,10,"Volkswagen ","Volkswagen up!",326,2.5
2014,11,"Volkswagen ","Volkswagen up!",283,2.5
2013,12,"Subaru ","Subaru Forester",134,1.2
2013,1,"Volkswagen ","Volkswagen Golf",733,6.3
2013,2,"Volkswagen ","Volkswagen Golf",678,6
2013,3,"Volkswagen ","Volkswagen Golf",555,5.2
2013,4,"Volkswagen ","Volkswagen Golf",903,6.5
2013,5,"Volkswagen ","Volkswagen Golf",512,4.3
2013,6,"Volkswagen ","Volkswagen Golf",550,5
2013,7,"Volkswagen ","Volkswagen Golf",587,5.2
2013,8,"Volkswagen ","Volkswagen Golf",514,4.4
2013,9,"Volkswagen ","Volkswagen Golf",561,4.6
2013,10,"Volkswagen ","Volkswagen Golf",646,5
2013,11,"Volkswagen ","Volkswagen Golf",666,5.5
2013,12,"Volkswagen ","Volkswagen Golf",461,4
2014,1,"Volkswagen ","Volkswagen Golf",465,4.1
2014,2,"Volkswagen ","Volkswagen Golf",488,4.3
2014,3,"Volkswagen ","Volkswagen Golf",624,4.5
2014,4,"Volkswagen ","Volkswagen Golf",766,6.3
2014,5,"Volkswagen ","Volkswagen Golf",565,4.6
2014,6,"Volkswagen ","Volkswagen Golf",723,6.3
2014,7,"Volkswagen ","Volkswagen Golf",1136,9.7
2014,8,"Volkswagen ","Volkswagen Golf",1075,9.4
2014,9,"Volkswagen ","Volkswagen Golf",939,8.1
2014,10,"Volkswagen ","Volkswagen Golf",1038,8
2014,11,"Volkswagen ","Volkswagen Golf",870,7.6
2014,12,"Volkswagen ","Volkswagen Golf",990,7.8
2013,7,"Volkswagen ","Volkswagen Polo",178,1.6
2013,9,"Volkswagen ","Volkswagen Polo",139,1.1
2013,12,"Volkswagen ","Volkswagen Polo",132,1.2
2013,12,"Mercedes-Benz ","Mercedes-Benz CLA",61,0.5
2013,12,"Mercedes-Benz ","Mercedes-Benz GLK",64,0.6
2013,1,"Volkswagen ","Volkswagen Passat",245,2.1
2013,2,"Volkswagen ","Volkswagen Passat",274,2.4
2013,3,"Volkswagen ","Volkswagen Passat",258,2.4
2013,4,"Volkswagen ","Volkswagen Passat",324,2.3
2013,5,"Volkswagen ","Volkswagen Passat",256,2.1
2013,6,"Volkswagen ","Volkswagen Passat",281,2.6
2013,7,"Volkswagen ","Volkswagen Passat",222,2
2013,8,"Volkswagen ","Volkswagen Passat",226,1.9
2013,9,"Volkswagen ","Volkswagen Passat",250,2.1
2013,10,"Volkswagen ","Volkswagen Passat",239,1.9
2013,11,"Volkswagen ","Volkswagen Passat",243,2
2013,12,"Volkswagen ","Volkswagen Passat",179,1.6
2014,1,"Volkswagen ","Volkswagen Passat",207,1.8
2014,2,"Volkswagen ","Volkswagen Passat",211,1.9
2014,3,"Volkswagen ","Volkswagen Passat",190,1.4
2014,4,"Volkswagen ","Volkswagen Passat",290,2.4
2014,5,"Volkswagen ","Volkswagen Passat",206,1.7
2014,6,"Volkswagen ","Volkswagen Passat",195,1.7
2014,7,"Volkswagen ","Volkswagen Passat",188,1.6
2014,8,"Volkswagen ","Volkswagen Passat",169,1.5
2014,9,"Volkswagen ","Volkswagen Passat",143,1.2
2014,10,"Volkswagen ","Volkswagen Passat",169,1.3
2014,11,"Volkswagen ","Volkswagen Passat",167,1.5
2013,1,"Volkswagen ","Volkswagen Tiguan",274,2.4
2013,2,"Volkswagen ","Volkswagen Tiguan",233,2.1
2013,3,"Volkswagen ","Volkswagen Tiguan",238,2.2
2013,4,"Volkswagen ","Volkswagen Tiguan",316,2.3
2013,5,"Volkswagen ","Volkswagen Tiguan",211,1.8
2013,6,"Volkswagen ","Volkswagen Tiguan",216,2
2013,7,"Volkswagen ","Volkswagen Tiguan",228,2
2013,8,"Volkswagen ","Volkswagen Tiguan",272,2.3
2013,9,"Volkswagen ","Volkswagen Tiguan",294,2.4
2013,10,"Volkswagen ","Volkswagen Tiguan",223,1.7
2013,11,"Volkswagen ","Volkswagen Tiguan",181,1.5
2013,12,"Volkswagen ","Volkswagen Tiguan",202,1.8
2014,1,"Volkswagen ","Volkswagen Tiguan",231,2
2014,2,"Volkswagen ","Volkswagen Tiguan",194,1.7
2014,3,"Volkswagen ","Volkswagen Tiguan",193,1.4
2014,4,"Volkswagen ","Volkswagen Tiguan",278,2.3
2014,5,"Volkswagen ","Volkswagen Tiguan",188,1.5
2014,6,"Volkswagen ","Volkswagen Tiguan",138,1.2
2014,7,"Volkswagen ","Volkswagen Tiguan",218,1.9
2014,8,"Volkswagen ","Volkswagen Tiguan",167,1.5
2014,9,"Volkswagen ","Volkswagen Tiguan",99,0.9
2014,10,"Volkswagen ","Volkswagen Tiguan",227,1.8
2014,11,"Volkswagen ","Volkswagen Tiguan",212,1.8
2013,1,"Mitsubishi ","Mitsubishi Outlander",392,3.4
2013,2,"Mitsubishi ","Mitsubishi Outlander",267,2.4
2013,3,"Mitsubishi ","Mitsubishi Outlander",234,2.2
2013,4,"Mitsubishi ","Mitsubishi Outlander",387,2.8
2013,5,"Mitsubishi ","Mitsubishi Outlander",396,3.3
2013,6,"Mitsubishi ","Mitsubishi Outlander",260,2.4
2013,7,"Mitsubishi ","Mitsubishi Outlander",228,2
2013,8,"Mitsubishi ","Mitsubishi Outlander",188,1.6
2013,9,"Mitsubishi ","Mitsubishi Outlander",165,1.4
2013,10,"Mitsubishi ","Mitsubishi Outlander",177,1.4
2013,11,"Mitsubishi ","Mitsubishi Outlander",145,1.2
2013,12,"Mitsubishi ","Mitsubishi Outlander",150,1.3
2014,1,"Mitsubishi ","Mitsubishi Outlander",174,1.5
2014,2,"Mitsubishi ","Mitsubishi Outlander",238,2.1
2014,3,"Mitsubishi ","Mitsubishi Outlander",341,2.5
2014,4,"Mitsubishi ","Mitsubishi Outlander",311,2.6
2014,5,"Mitsubishi ","Mitsubishi Outlander",248,2
2014,6,"Mitsubishi ","Mitsubishi Outlander",211,1.8
2014,7,"Mitsubishi ","Mitsubishi Outlander",217,1.9
2014,8,"Mitsubishi ","Mitsubishi Outlander",280,2.4
2014,9,"Mitsubishi ","Mitsubishi Outlander",346,3
2014,10,"Mitsubishi ","Mitsubishi Outlander",229,1.8
2014,11,"Mitsubishi ","Mitsubishi Outlander",230,2
2013,2,"Mercedes-Benz ","Mercedes-Benz A-klasse",281,2.5
2013,3,"Mercedes-Benz ","Mercedes-Benz A-klasse",221,2.1
2013,4,"Mercedes-Benz ","Mercedes-Benz A-klasse",260,1.9
2013,5,"Mercedes-Benz ","Mercedes-Benz A-klasse",184,1.5
2013,6,"Mercedes-Benz ","Mercedes-Benz A-klasse",81,0.7
2013,7,"Mercedes-Benz ","Mercedes-Benz A-klasse",112,1
2013,8,"Mercedes-Benz ","Mercedes-Benz A-klasse",148,1.3
2013,9,"Mercedes-Benz ","Mercedes-Benz A-klasse",107,0.9
2013,10,"Mercedes-Benz ","Mercedes-Benz A-klasse",121,0.9
2013,11,"Mercedes-Benz ","Mercedes-Benz A-klasse",151,1.3
2013,12,"Mercedes-Benz ","Mercedes-Benz A-klasse",215,1.9
2013,12,"Mercedes-Benz ","Mercedes-Benz B-klasse",86,0.8
2013,12,"Mercedes-Benz ","Mercedes-Benz C-klasse",63,0.6
2013,12,"Mercedes-Benz ","Mercedes-Benz E-klasse",106,0.9
2015,3,"BMW ","BMW X1",48,0.3
2015,4,"BMW ","BMW X1",32,0.3
2016,1,"BMW ","BMW X1",118,1.1
2016,2,"BMW ","BMW X1",117,1
2016,3,"BMW ","BMW X1",126,0.9
2016,4,"BMW ","BMW X1",106,0.8
2015,3,"BMW ","BMW X3",159,1.1
2015,4,"BMW ","BMW X3",157,1.2
2016,1,"BMW ","BMW X3",141,1.3
2016,2,"BMW ","BMW X3",89,0.7
2016,3,"BMW ","BMW X3",95,0.7
2016,4,"BMW ","BMW X3",108,0.8
2015,3,"BMW ","BMW X5",29,0.2
2015,4,"BMW ","BMW X5",23,0.2
2016,1,"BMW ","BMW X5",170,1.5
2016,2,"BMW ","BMW X5",108,0.9
2016,3,"BMW ","BMW X5",149,1.1
2016,4,"BMW ","BMW X5",165,1.2
2015,3,"BMW ","BMW i3",109,0.8
2015,4,"BMW ","BMW i3",102,0.8
2015,9,"BMW ","BMW i3",266,2.1
2015,10,"BMW ","BMW i3",326,2.5
2015,11,"BMW ","BMW i3",293,2.3
2015,12,"BMW ","BMW i3",415,3.2
2016,1,"BMW ","BMW i3",294,2.7
2016,2,"BMW ","BMW i3",248,2
2016,3,"BMW ","BMW i3",177,1.3
2016,4,"BMW ","BMW i3",222,1.6
2016,5,"BMW ","BMW i3",120,0.9
2016,6,"BMW ","BMW i3",51,0.4
2016,7,"BMW ","BMW i3",98,0.9
2016,8,"BMW ","BMW i3",293,2.2
2016,9,"BMW ","BMW i3",520,3.8
2016,10,"BMW ","BMW i3",503,4.2
2016,11,"BMW ","BMW i3",1014,7.7
2016,12,"BMW ","BMW i3",413,3
2014,12,"Audi ","Audi A3",205,1.6
2015,1,"Audi ","Audi A3",119,1.1
2015,2,"Audi ","Audi A3",207,1.9
2015,3,"Audi ","Audi A3",281,2
2015,4,"Audi ","Audi A3",327,2.6
2015,5,"Audi ","Audi A3",303,2.5
2015,6,"Audi ","Audi A3",292,2.1
2015,7,"Audi ","Audi A3",321,2.6
2015,8,"Audi ","Audi A3",198,1.6
2015,9,"Audi ","Audi A3",148,1.2
2015,10,"Audi ","Audi A3",192,1.5
2015,11,"Audi ","Audi A3",209,1.7
2015,12,"Audi ","Audi A3",179,1.4
2016,1,"Audi ","Audi A3",233,2.1
2016,2,"Audi ","Audi A3",249,2
2016,3,"Audi ","Audi A3",266,1.9
2016,4,"Audi ","Audi A3",275,1.9
2016,5,"Audi ","Audi A3",266,2.1
2016,6,"Audi ","Audi A3",241,1.8
2016,7,"Audi ","Audi A3",262,2.4
2016,8,"Audi ","Audi A3",164,1.2
2016,9,"Audi ","Audi A3",186,1.3
2016,10,"Audi ","Audi A3",203,1.7
2016,11,"Audi ","Audi A3",270,2
2016,12,"Audi ","Audi A3",403,3
2016,1,"Audi ","Audi A4",128,1.2
2016,2,"Audi ","Audi A4",102,0.8
2016,7,"Audi ","Audi A4",157,1.4
2016,1,"Audi ","Audi A6",66,0.6
2016,2,"Audi ","Audi A6",65,0.5
2016,1,"Kia ","Kia Soul",62,0.6
2016,2,"Kia ","Kia Soul",158,1.3
2016,7,"Kia ","Kia Soul",106,1
2015,1,"Ford ","Ford Kuga",147,1.4
2015,2,"Ford ","Ford Kuga",133,1.2
2015,3,"Ford ","Ford Kuga",119,0.8
2015,4,"Ford ","Ford Kuga",72,0.6
2016,1,"Ford ","Ford Kuga",96,0.9
2016,2,"Ford ","Ford Kuga",119,1
2016,3,"Ford ","Ford Kuga",84,0.6
2016,4,"Ford ","Ford Kuga",108,0.8
2014,12,"Volvo ","Volvo V40",535,4.2
2015,4,"Volvo ","Volvo V40",189,1.5
2015,5,"Volvo ","Volvo V40",211,1.8
2016,1,"Volvo ","Volvo V40",54,0.5
2016,2,"Volvo ","Volvo V40",79,0.6
2016,7,"Volvo ","Volvo V40",134,1.2
2015,3,"Volvo ","Volvo V60",70,0.5
2015,4,"Volvo ","Volvo V60",128,1
2015,12,"Volvo ","Volvo V60",251,1.9
2016,1,"Volvo ","Volvo V60",159,1.4
2016,2,"Volvo ","Volvo V60",155,1.3
2016,3,"Volvo ","Volvo V60",132,1
2016,4,"Volvo ","Volvo V60",107,0.8
2015,3,"Volvo ","Volvo V70",232,1.6
2015,4,"Volvo ","Volvo V70",221,1.7
2015,5,"Volvo ","Volvo V70",272,2.3
2015,6,"Volvo ","Volvo V70",290,2
2015,7,"Volvo ","Volvo V70",251,2
2015,8,"Volvo ","Volvo V70",162,1.3
2015,9,"Volvo ","Volvo V70",238,1.9
2015,10,"Volvo ","Volvo V70",314,2.4
2015,11,"Volvo ","Volvo V70",238,1.9
2015,12,"Volvo ","Volvo V70",393,3
2016,1,"Volvo ","Volvo V70",107,1
2016,2,"Volvo ","Volvo V70",203,1.7
2016,3,"Volvo ","Volvo V70",214,1.5
2016,4,"Volvo ","Volvo V70",232,1.6
2016,5,"Volvo ","Volvo V70",144,1.1
2016,6,"Volvo ","Volvo V70",139,1
2016,7,"Volvo ","Volvo V70",77,0.7
2014,12,"Ford ","Ford Focus",190,1.5
2015,1,"Ford ","Ford Focus",143,1.4
2015,2,"Ford ","Ford Focus",157,1.5
2015,3,"Ford ","Ford Focus",180,1.3
2015,4,"Ford ","Ford Focus",193,1.5
2015,5,"Ford ","Ford Focus",242,2
2015,6,"Ford ","Ford Focus",174,1.2
2015,7,"Ford ","Ford Focus",157,1.3
2015,8,"Ford ","Ford Focus",183,1.5
2015,9,"Ford ","Ford Focus",168,1.4
2015,10,"Ford ","Ford Focus",150,1.1
2015,11,"Ford ","Ford Focus",103,0.8
2015,12,"Ford ","Ford Focus",162,1.2
2016,1,"Ford ","Ford Focus",141,1.3
2016,2,"Ford ","Ford Focus",126,1
2016,3,"Ford ","Ford Focus",118,0.9
2016,4,"Ford ","Ford Focus",109,0.8
2015,3,"Ford ","Ford S-Max",61,0.4
2015,4,"Ford ","Ford S-Max",29,0.2
2016,1,"Ford ","Ford S-Max",153,1.4
2016,2,"Ford ","Ford S-Max",216,1.8
2016,3,"Ford ","Ford S-Max",178,1.3
2016,4,"Ford ","Ford S-Max",125,0.9
2016,5,"Ford ","Ford S-Max",132,1
2016,6,"Ford ","Ford S-Max",126,0.9
2016,1,"Mazda ","Mazda CX-3",269,2.4
2016,2,"Mazda ","Mazda CX-3",250,2
2016,3,"Mazda ","Mazda CX-3",138,1
2016,4,"Mazda ","Mazda CX-3",201,1.4
2016,5,"Mazda ","Mazda CX-3",200,1.6
2016,6,"Mazda ","Mazda CX-3",213,1.6
2016,7,"Mazda ","Mazda CX-3",167,1.5
2016,8,"Mazda ","Mazda CX-3",161,1.2
2016,9,"Mazda ","Mazda CX-3",179,1.3
2016,10,"Mazda ","Mazda CX-3",199,1.7
2016,11,"Mazda ","Mazda CX-3",156,1.2
2016,12,"Mazda ","Mazda CX-3",153,1.1
2014,12,"Mazda ","Mazda CX-5",216,1.7
2015,1,"Mazda ","Mazda CX-5",252,2.4
2015,2,"Mazda ","Mazda CX-5",180,1.7
2015,3,"Mazda ","Mazda CX-5",180,1.3
2015,4,"Mazda ","Mazda CX-5",355,2.8
2015,5,"Mazda ","Mazda CX-5",286,2.4
2015,6,"Mazda ","Mazda CX-5",358,2.5
2015,7,"Mazda ","Mazda CX-5",248,2
2015,8,"Mazda ","Mazda CX-5",225,1.8
2015,9,"Mazda ","Mazda CX-5",256,2.1
2015,10,"Mazda ","Mazda CX-5",281,2.1
2015,11,"Mazda ","Mazda CX-5",262,2.1
2015,12,"Mazda ","Mazda CX-5",285,2.2
2016,1,"Mazda ","Mazda CX-5",223,2
2016,2,"Mazda ","Mazda CX-5",250,2
2016,3,"Mazda ","Mazda CX-5",231,1.7
2016,4,"Mazda ","Mazda CX-5",197,1.4
2016,5,"Mazda ","Mazda CX-5",199,1.5
2016,6,"Mazda ","Mazda CX-5",252,1.8
2016,7,"Mazda ","Mazda CX-5",187,1.7
2016,8,"Mazda ","Mazda CX-5",234,1.8
2016,9,"Mazda ","Mazda CX-5",249,1.8
2016,10,"Mazda ","Mazda CX-5",223,1.9
2016,11,"Mazda ","Mazda CX-5",170,1.3
2016,12,"Mazda ","Mazda CX-5",240,1.8
2015,3,"Opel ","Opel Astra",31,0.2
2015,4,"Opel ","Opel Astra",30,0.2
2016,1,"Opel ","Opel Astra",89,0.8
2016,2,"Opel ","Opel Astra",84,0.7
2016,3,"Opel ","Opel Astra",83,0.6
2016,4,"Opel ","Opel Astra",170,1.2
2016,5,"Opel ","Opel Astra",188,1.5
2016,6,"Opel ","Opel Astra",225,1.6
2016,7,"Opel ","Opel Astra",192,1.7
2016,1,"Opel ","Opel Mokka",44,0.4
2016,2,"Opel ","Opel Mokka",93,0.8
2014,12,"Suzuki ","Suzuki SX4",121,1
2015,1,"Suzuki ","Suzuki SX4",170,1.6
2015,2,"Suzuki ","Suzuki SX4",185,1.7
2015,3,"Suzuki ","Suzuki SX4",187,1.3
2014,12,"Volvo ","Volvo XC60",524,4.1
2015,3,"Volvo ","Volvo XC60",244,1.7
2015,4,"Volvo ","Volvo XC60",174,1.4
2015,5,"Volvo ","Volvo XC60",152,1.3
2015,6,"Volvo ","Volvo XC60",164,1.2
2015,7,"Volvo ","Volvo XC60",117,0.9
2015,8,"Volvo ","Volvo XC60",95,0.8
2015,9,"Volvo ","Volvo XC60",169,1.4
2015,10,"Volvo ","Volvo XC60",166,1.3
2015,11,"Volvo ","Volvo XC60",299,2.4
2015,12,"Volvo ","Volvo XC60",408,3.1
2016,1,"Volvo ","Volvo XC60",96,0.9
2016,2,"Volvo ","Volvo XC60",118,1
2016,3,"Volvo ","Volvo XC60",141,1
2016,4,"Volvo ","Volvo XC60",131,0.9
2016,7,"Volvo ","Volvo XC60",160,1.4
2016,12,"Volvo ","Volvo XC60",602,4.4
2016,1,"Volvo ","Volvo XC90",215,2
2016,2,"Volvo ","Volvo XC90",151,1.2
2016,3,"Volvo ","Volvo XC90",128,0.9
2016,4,"Volvo ","Volvo XC90",181,1.3
2016,5,"Volvo ","Volvo XC90",126,1
2016,6,"Volvo ","Volvo XC90",143,1
2016,7,"Volvo ","Volvo XC90",122,1.1
2015,4,"BMW ","BMW 2-serie",48,0.4
2016,3,"BMW ","BMW 2-serie",233,1.7
2016,4,"BMW ","BMW 2-serie",205,1.5
2016,5,"BMW ","BMW 2-serie",186,1.4
2016,6,"BMW ","BMW 2-serie",216,1.6
2016,7,"BMW ","BMW 2-serie",131,1.2
2016,11,"BMW ","BMW 2-serie",250,1.9
2016,12,"BMW ","BMW 2-serie",110,0.8
2015,3,"BMW ","BMW 3-serie",154,1.1
2015,4,"BMW ","BMW 3-serie",91,0.7
2016,1,"BMW ","BMW 3-serie",123,1.1
2016,2,"BMW ","BMW 3-serie",114,0.9
2016,3,"BMW ","BMW 3-serie",124,0.9
2016,4,"BMW ","BMW 3-serie",104,0.7
2015,3,"Ford ","Ford Fiesta",125,0.9
2015,4,"Ford ","Ford Fiesta",92,0.7
2016,1,"Ford ","Ford Fiesta",101,0.9
2016,2,"Ford ","Ford Fiesta",85,0.7
2016,3,"Ford ","Ford Fiesta",112,0.8
2016,4,"Ford ","Ford Fiesta",132,0.9
2015,1,"Ford ","Ford Mondeo",124,1.2
2015,2,"Ford ","Ford Mondeo",162,1.5
2015,3,"Ford ","Ford Mondeo",284,2
2015,4,"Ford ","Ford Mondeo",221,1.7
2015,5,"Ford ","Ford Mondeo",232,1.9
2015,6,"Ford ","Ford Mondeo",221,1.6
2015,7,"Ford ","Ford Mondeo",193,1.6
2015,8,"Ford ","Ford Mondeo",303,2.4
2015,9,"Ford ","Ford Mondeo",185,1.5
2015,10,"Ford ","Ford Mondeo",156,1.2
2015,11,"Ford ","Ford Mondeo",282,2.2
2015,12,"Ford ","Ford Mondeo",186,1.4
2016,1,"Ford ","Ford Mondeo",211,1.9
2016,2,"Ford ","Ford Mondeo",157,1.3
2016,3,"Ford ","Ford Mondeo",153,1.1
2016,4,"Ford ","Ford Mondeo",171,1.2
2016,5,"Ford ","Ford Mondeo",137,1.1
2016,6,"Ford ","Ford Mondeo",193,1.4
2016,7,"Ford ","Ford Mondeo",111,1
2016,8,"Ford ","Ford Mondeo",124,0.9
2015,1,"Hyundai ","Hyundai i20",217,2.1
2015,2,"Hyundai ","Hyundai i20",76,0.7
2015,3,"Hyundai ","Hyundai i20",106,0.7
2014,12,"Nissan ","Nissan Leaf",353,2.8
2015,1,"Nissan ","Nissan Leaf",309,2.9
2015,2,"Nissan ","Nissan Leaf",247,2.3
2015,3,"Nissan ","Nissan Leaf",526,3.7
2015,4,"Nissan ","Nissan Leaf",167,1.3
2015,5,"Nissan ","Nissan Leaf",176,1.5
2015,6,"Nissan ","Nissan Leaf",186,1.3
2015,7,"Nissan ","Nissan Leaf",239,1.9
2015,8,"Nissan ","Nissan Leaf",338,2.7
2015,9,"Nissan ","Nissan Leaf",492,4
2015,10,"Nissan ","Nissan Leaf",355,2.7
2015,11,"Nissan ","Nissan Leaf",135,1.1
2015,12,"Nissan ","Nissan Leaf",19,0.1
2016,1,"Nissan ","Nissan Leaf",284,2.6
2016,2,"Nissan ","Nissan Leaf",453,3.7
2016,3,"Nissan ","Nissan Leaf",676,4.9
2016,4,"Nissan ","Nissan Leaf",541,3.8
2016,5,"Nissan ","Nissan Leaf",320,2.5
2016,6,"Nissan ","Nissan Leaf",318,2.3
2016,7,"Nissan ","Nissan Leaf",237,2.1
2016,8,"Nissan ","Nissan Leaf",318,2.4
2016,9,"Nissan ","Nissan Leaf",199,1.4
2016,10,"Nissan ","Nissan Leaf",321,2.7
2016,11,"Nissan ","Nissan Leaf",238,1.8
2016,12,"Nissan ","Nissan Leaf",257,1.9
2014,12,"Peugeot ","Peugeot 308",206,1.6
2015,3,"Peugeot ","Peugeot 308",168,1.2
2015,4,"Peugeot ","Peugeot 308",181,1.4
2015,5,"Peugeot ","Peugeot 308",196,1.6
2015,6,"Peugeot ","Peugeot 308",203,1.4
2015,7,"Peugeot ","Peugeot 308",174,1.4
2015,8,"Peugeot ","Peugeot 308",145,1.2
2015,9,"Peugeot ","Peugeot 308",112,0.9
2015,10,"Peugeot ","Peugeot 308",170,1.3
2015,11,"Peugeot ","Peugeot 308",136,1.1
2016,1,"Peugeot ","Peugeot 308",176,1.6
2016,2,"Peugeot ","Peugeot 308",140,1.1
2016,3,"Peugeot ","Peugeot 308",142,1
2016,4,"Peugeot ","Peugeot 308",170,1.2
2016,5,"Peugeot ","Peugeot 308",152,1.2
2016,6,"Peugeot ","Peugeot 308",153,1.1
2015,3,"Renault ","Renault Zoe",228,1.6
2015,4,"Renault ","Renault Zoe",154,1.2
2015,6,"Renault ","Renault Zoe",431,3
2015,7,"Renault ","Renault Zoe",24,0.2
2016,1,"Renault ","Renault Zoe",197,1.8
2016,2,"Renault ","Renault Zoe",50,0.4
2016,3,"Renault ","Renault Zoe",291,2.1
2016,4,"Renault ","Renault Zoe",230,1.6
2016,5,"Renault ","Renault Zoe",64,0.5
2016,6,"Renault ","Renault Zoe",398,2.9
2016,7,"Renault ","Renault Zoe",79,0.7
2016,8,"Renault ","Renault Zoe",15,0.1
2016,9,"Renault ","Renault Zoe",158,1.1
2016,10,"Renault ","Renault Zoe",161,1.3
2016,11,"Renault ","Renault Zoe",100,0.8
2016,1,"Skoda ","Skoda Fabia",63,0.6
2016,2,"Skoda ","Skoda Fabia",71,0.6
2014,12,"Toyota ","Toyota Rav4",204,1.6
2015,1,"Toyota ","Toyota Rav4",535,5.1
2015,2,"Toyota ","Toyota Rav4",450,4.2
2015,3,"Toyota ","Toyota Rav4",385,2.7
2015,4,"Toyota ","Toyota Rav4",302,2.4
2015,5,"Toyota ","Toyota Rav4",296,2.5
2015,6,"Toyota ","Toyota Rav4",368,2.6
2015,7,"Toyota ","Toyota Rav4",383,3.1
2015,8,"Toyota ","Toyota Rav4",314,2.5
2015,9,"Toyota ","Toyota Rav4",314,2.5
2015,10,"Toyota ","Toyota Rav4",232,1.8
2015,11,"Toyota ","Toyota Rav4",102,0.8
2015,12,"Toyota ","Toyota Rav4",74,0.6
2016,1,"Toyota ","Toyota Rav4",328,3
2016,2,"Toyota ","Toyota Rav4",436,3.6
2016,3,"Toyota ","Toyota Rav4",304,2.2
2016,4,"Toyota ","Toyota Rav4",284,2
2016,5,"Toyota ","Toyota Rav4",414,3.2
2016,6,"Toyota ","Toyota Rav4",324,2.4
2016,7,"Toyota ","Toyota Rav4",277,2.5
2016,8,"Toyota ","Toyota Rav4",735,5.6
2016,9,"Toyota ","Toyota Rav4",581,4.2
2016,10,"Toyota ","Toyota Rav4",385,3.2
2016,11,"Toyota ","Toyota Rav4",513,3.9
2016,12,"Toyota ","Toyota Rav4",374,2.7
2015,3,"Kia ","Kia Sportage",141,1
2015,4,"Kia ","Kia Sportage",137,1.1
2016,1,"Kia ","Kia Sportage",41,0.4
2016,2,"Kia ","Kia Sportage",135,1.1
2016,3,"Kia ","Kia Sportage",141,1
2016,4,"Kia ","Kia Sportage",149,1.1
2016,1,"Peugeot ","Peugeot 2008",60,0.5
2016,2,"Peugeot ","Peugeot 2008",72,0.6
2016,7,"Peugeot ","Peugeot 2008",114,1
2015,3,"Skoda ","Skoda Superb",55,0.4
2015,4,"Skoda ","Skoda Superb",61,0.5
2016,1,"Skoda ","Skoda Superb",186,1.7
2016,2,"Skoda ","Skoda Superb",218,1.8
2016,3,"Skoda ","Skoda Superb",188,1.4
2016,4,"Skoda ","Skoda Superb",186,1.3
2016,5,"Skoda ","Skoda Superb",217,1.7
2016,6,"Skoda ","Skoda Superb",168,1.2
2016,7,"Skoda ","Skoda Superb",148,1.3
2016,8,"Skoda ","Skoda Superb",122,0.9
2016,9,"Skoda ","Skoda Superb",167,1.2
2016,10,"Skoda ","Skoda Superb",167,1.4
2016,11,"Skoda ","Skoda Superb",148,1.1
2016,12,"Skoda ","Skoda Superb",97,0.7
2014,12,"Toyota ","Toyota Auris",357,2.8
2015,1,"Toyota ","Toyota Auris",313,3
2015,2,"Toyota ","Toyota Auris",365,3.4
2015,3,"Toyota ","Toyota Auris",486,3.4
2015,4,"Toyota ","Toyota Auris",509,4
2015,5,"Toyota ","Toyota Auris",352,2.9
2015,6,"Toyota ","Toyota Auris",336,2.4
2015,7,"Toyota ","Toyota Auris",294,2.4
2015,8,"Toyota ","Toyota Auris",412,3.3
2015,9,"Toyota ","Toyota Auris",535,4.3
2015,10,"Toyota ","Toyota Auris",574,4.3
2015,11,"Toyota ","Toyota Auris",450,3.6
2015,12,"Toyota ","Toyota Auris",264,2
2016,1,"Toyota ","Toyota Auris",300,2.7
2016,2,"Toyota ","Toyota Auris",332,2.7
2016,3,"Toyota ","Toyota Auris",507,3.7
2016,4,"Toyota ","Toyota Auris",428,3
2016,5,"Toyota ","Toyota Auris",448,3.5
2016,6,"Toyota ","Toyota Auris",435,3.2
2016,7,"Toyota ","Toyota Auris",251,2.3
2016,8,"Toyota ","Toyota Auris",361,2.7
2016,9,"Toyota ","Toyota Auris",492,3.6
2016,10,"Toyota ","Toyota Auris",339,2.8
2016,11,"Toyota ","Toyota Auris",320,2.4
2016,12,"Toyota ","Toyota Auris",206,1.5
2015,3,"Toyota ","Toyota Prius",99,0.7
2015,4,"Toyota ","Toyota Prius",72,0.6
2016,1,"Toyota ","Toyota Prius",55,0.5
2016,2,"Toyota ","Toyota Prius",124,1
2016,3,"Toyota ","Toyota Prius",153,1.1
2016,4,"Toyota ","Toyota Prius",195,1.4
2016,5,"Toyota ","Toyota Prius",197,1.5
2016,6,"Toyota ","Toyota Prius",246,1.8
2016,7,"Toyota ","Toyota Prius",186,1.7
2016,8,"Toyota ","Toyota Prius",183,1.4
2016,9,"Toyota ","Toyota Prius",233,1.7
2016,10,"Toyota ","Toyota Prius",166,1.4
2016,11,"Toyota ","Toyota Prius",143,1.1
2016,12,"Toyota ","Toyota Prius",104,0.8
2014,12,"Toyota ","Toyota Yaris",312,2.5
2015,1,"Toyota ","Toyota Yaris",328,3.1
2015,2,"Toyota ","Toyota Yaris",338,3.2
2015,3,"Toyota ","Toyota Yaris",379,2.7
2015,4,"Toyota ","Toyota Yaris",330,2.6
2015,5,"Toyota ","Toyota Yaris",371,3.1
2015,6,"Toyota ","Toyota Yaris",371,2.6
2015,7,"Toyota ","Toyota Yaris",401,3.2
2015,8,"Toyota ","Toyota Yaris",338,2.7
2015,9,"Toyota ","Toyota Yaris",364,2.9
2015,10,"Toyota ","Toyota Yaris",379,2.9
2015,11,"Toyota ","Toyota Yaris",334,2.7
2015,12,"Toyota ","Toyota Yaris",281,2.1
2016,1,"Toyota ","Toyota Yaris",317,2.9
2016,2,"Toyota ","Toyota Yaris",296,2.4
2016,3,"Toyota ","Toyota Yaris",361,2.6
2016,4,"Toyota ","Toyota Yaris",362,2.6
2016,5,"Toyota ","Toyota Yaris",483,3.8
2016,6,"Toyota ","Toyota Yaris",391,2.9
2016,7,"Toyota ","Toyota Yaris",266,2.4
2016,8,"Toyota ","Toyota Yaris",410,3.1
2016,9,"Toyota ","Toyota Yaris",405,2.9
2016,10,"Toyota ","Toyota Yaris",353,3
2016,11,"Toyota ","Toyota Yaris",311,2.4
2016,12,"Toyota ","Toyota Yaris",292,2.1
2014,12,"Skoda ","Skoda Octavia",392,3.1
2015,1,"Skoda ","Skoda Octavia",289,2.7
2015,2,"Skoda ","Skoda Octavia",362,3.4
2015,3,"Skoda ","Skoda Octavia",411,2.9
2015,4,"Skoda ","Skoda Octavia",460,3.6
2015,5,"Skoda ","Skoda Octavia",329,2.7
2015,6,"Skoda ","Skoda Octavia",358,2.5
2015,7,"Skoda ","Skoda Octavia",343,2.8
2015,8,"Skoda ","Skoda Octavia",372,3
2015,9,"Skoda ","Skoda Octavia",311,2.5
2015,10,"Skoda ","Skoda Octavia",386,2.9
2015,11,"Skoda ","Skoda Octavia",310,2.5
2015,12,"Skoda ","Skoda Octavia",349,2.7
2016,1,"Skoda ","Skoda Octavia",213,1.9
2016,2,"Skoda ","Skoda Octavia",399,3.3
2016,3,"Skoda ","Skoda Octavia",285,2.1
2016,4,"Skoda ","Skoda Octavia",383,2.7
2016,5,"Skoda ","Skoda Octavia",344,2.7
2016,6,"Skoda ","Skoda Octavia",328,2.4
2016,7,"Skoda ","Skoda Octavia",301,2.7
2016,8,"Skoda ","Skoda Octavia",270,2
2016,9,"Skoda ","Skoda Octavia",315,2.3
2016,10,"Skoda ","Skoda Octavia",322,2.7
2016,11,"Skoda ","Skoda Octavia",348,2.6
2016,12,"Skoda ","Skoda Octavia",287,2.1
2015,3,"Suzuki ","Suzuki Vitara",60,0.4
2015,4,"Suzuki ","Suzuki Vitara",58,0.5
2016,1,"Suzuki ","Suzuki Vitara",219,2
2016,2,"Suzuki ","Suzuki Vitara",156,1.3
2016,3,"Suzuki ","Suzuki Vitara",181,1.3
2016,4,"Suzuki ","Suzuki Vitara",154,1.1
2016,5,"Suzuki ","Suzuki Vitara",93,0.7
2016,6,"Suzuki ","Suzuki Vitara",95,0.7
2016,7,"Suzuki ","Suzuki Vitara",128,1.2
2014,12,"Tesla ","Tesla Model S",267,2.1
2015,2,"Tesla ","Tesla Model S",321,3
2015,3,"Tesla ","Tesla Model S",1140,8.1
2015,4,"Tesla ","Tesla Model S",230,1.8
2015,5,"Tesla ","Tesla Model S",346,2.9
2015,6,"Tesla ","Tesla Model S",566,4
2015,7,"Tesla ","Tesla Model S",222,1.8
2015,8,"Tesla ","Tesla Model S",220,1.7
2015,9,"Tesla ","Tesla Model S",127,1
2015,10,"Tesla ","Tesla Model S",198,1.5
2015,11,"Tesla ","Tesla Model S",225,1.8
2015,12,"Tesla ","Tesla Model S",373,2.9
2016,1,"Tesla ","Tesla Model S",105,1
2016,2,"Tesla ","Tesla Model S",113,0.9
2016,3,"Tesla ","Tesla Model S",487,3.5
2016,4,"Tesla ","Tesla Model S",96,0.7
2016,5,"Tesla ","Tesla Model S",156,1.2
2016,6,"Tesla ","Tesla Model S",284,2.1
2016,7,"Tesla ","Tesla Model S",43,0.4
2016,8,"Tesla ","Tesla Model S",170,1.3
2016,9,"Tesla ","Tesla Model S",247,1.8
2016,10,"Tesla ","Tesla Model S",39,0.3
2016,11,"Tesla ","Tesla Model S",48,0.4
2016,12,"Tesla ","Tesla Model S",263,1.9
2016,1,"Hyundai ","Hyundai Tucson",95,0.9
2016,2,"Hyundai ","Hyundai Tucson",54,0.4
2016,7,"Hyundai ","Hyundai Tucson",152,1.4
2014,12,"Nissan ","Nissan Qashqai",146,1.2
2015,1,"Nissan ","Nissan Qashqai",315,3
2015,2,"Nissan ","Nissan Qashqai",247,2.3
2015,3,"Nissan ","Nissan Qashqai",272,1.9
2015,4,"Nissan ","Nissan Qashqai",147,1.2
2015,5,"Nissan ","Nissan Qashqai",188,1.6
2015,6,"Nissan ","Nissan Qashqai",307,2.2
2015,7,"Nissan ","Nissan Qashqai",385,3.1
2015,8,"Nissan ","Nissan Qashqai",198,1.6
2015,9,"Nissan ","Nissan Qashqai",246,2
2015,10,"Nissan ","Nissan Qashqai",222,1.7
2015,11,"Nissan ","Nissan Qashqai",162,1.3
2015,12,"Nissan ","Nissan Qashqai",119,0.9
2016,1,"Nissan ","Nissan Qashqai",196,1.8
2016,2,"Nissan ","Nissan Qashqai",187,1.5
2016,3,"Nissan ","Nissan Qashqai",191,1.4
2016,4,"Nissan ","Nissan Qashqai",126,0.9
2016,5,"Nissan ","Nissan Qashqai",132,1
2016,6,"Nissan ","Nissan Qashqai",154,1.1
2016,7,"Nissan ","Nissan Qashqai",183,1.7
2016,8,"Nissan ","Nissan Qashqai",131,1
2016,9,"Nissan ","Nissan Qashqai",146,1.1
2016,10,"Nissan ","Nissan Qashqai",205,1.7
2016,11,"Nissan ","Nissan Qashqai",218,1.7
2016,12,"Nissan ","Nissan Qashqai",152,1.1
2015,1,"Nissan ","Nissan X-Trail",116,1.1
2015,2,"Nissan ","Nissan X-Trail",163,1.5
2016,1,"Nissan ","Nissan X-Trail",91,0.8
2016,2,"Nissan ","Nissan X-Trail",112,0.9
2015,3,"Toyota ","Toyota Avensis",98,0.7
2015,4,"Toyota ","Toyota Avensis",25,0.2
2016,1,"Toyota ","Toyota Avensis",83,0.8
2016,2,"Toyota ","Toyota Avensis",170,1.4
2016,3,"Toyota ","Toyota Avensis",194,1.4
2016,4,"Toyota ","Toyota Avensis",152,1.1
2016,5,"Toyota ","Toyota Avensis",123,1
2016,6,"Toyota ","Toyota Avensis",186,1.4
2016,7,"Toyota ","Toyota Avensis",139,1.3
2014,12,"Volkswagen ","Volkswagen up!",216,1.7
2015,1,"Volkswagen ","Volkswagen up!",194,1.8
2015,2,"Volkswagen ","Volkswagen up!",194,1.8
2015,3,"Volkswagen ","Volkswagen up!",217,1.5
2015,4,"Volkswagen ","Volkswagen up!",210,1.6
2015,5,"Volkswagen ","Volkswagen up!",130,1.1
2015,6,"Volkswagen ","Volkswagen up!",180,1.3
2015,7,"Volkswagen ","Volkswagen up!",114,0.9
2015,8,"Volkswagen ","Volkswagen up!",190,1.5
2015,9,"Volkswagen ","Volkswagen up!",180,1.4
2015,10,"Volkswagen ","Volkswagen up!",137,1
2015,11,"Volkswagen ","Volkswagen up!",147,1.2
2015,12,"Volkswagen ","Volkswagen up!",146,1.1
2016,1,"Volkswagen ","Volkswagen up!",165,1.5
2016,2,"Volkswagen ","Volkswagen up!",138,1.1
2016,3,"Volkswagen ","Volkswagen up!",124,0.9
2016,4,"Volkswagen ","Volkswagen up!",153,1.1
2016,5,"Volkswagen ","Volkswagen up!",135,1
2016,6,"Volkswagen ","Volkswagen up!",155,1.1
2015,1,"Volkswagen ","Volkswagen Golf",1313,12.5
2015,1,"Volkswagen ","Volkswagen Golf",1199,11.2
2015,3,"Volkswagen ","Volkswagen Golf",1421,10
2015,4,"Volkswagen ","Volkswagen Golf",1595,12.5
2015,5,"Volkswagen ","Volkswagen Golf",1323,11
2015,6,"Volkswagen ","Volkswagen Golf",1626,11.4
2015,7,"Volkswagen ","Volkswagen Golf",1542,12.4
2015,8,"Volkswagen ","Volkswagen Golf",1414,11.2
2015,9,"Volkswagen ","Volkswagen Golf",1102,8.9
2015,10,"Volkswagen ","Volkswagen Golf",1368,10.4
2015,11,"Volkswagen ","Volkswagen Golf",1435,11.4
2015,12,"Volkswagen ","Volkswagen Golf",1050,8
2016,1,"Volkswagen ","Volkswagen Golf",998,9.1
2016,2,"Volkswagen ","Volkswagen Golf",1247,10.2
2016,3,"Volkswagen ","Volkswagen Golf",1414,10.2
2016,4,"Volkswagen ","Volkswagen Golf",1713,12.1
2016,5,"Volkswagen ","Volkswagen Golf",1054,8.2
2016,6,"Volkswagen ","Volkswagen Golf",1056,7.7
2016,7,"Volkswagen ","Volkswagen Golf",972,8.8
2016,8,"Volkswagen ","Volkswagen Golf",1214,9.2
2016,9,"Volkswagen ","Volkswagen Golf",996,7.2
2016,10,"Volkswagen ","Volkswagen Golf",858,7.2
2016,11,"Volkswagen ","Volkswagen Golf",905,6.9
2016,12,"Volkswagen ","Volkswagen Golf",721,5.3
2015,3,"Volkswagen ","Volkswagen Polo",139,1
2015,4,"Volkswagen ","Volkswagen Polo",183,1.4
2016,1,"Volkswagen ","Volkswagen Polo",144,1.3
2016,2,"Volkswagen ","Volkswagen Polo",111,0.9
2016,3,"Volkswagen ","Volkswagen Polo",118,0.9
2016,4,"Volkswagen ","Volkswagen Polo",227,1.6
2016,5,"Volkswagen ","Volkswagen Polo",159,1.2
2016,6,"Volkswagen ","Volkswagen Polo",143,1
2016,7,"Volkswagen ","Volkswagen Polo",145,1.3
2016,1,"Mercedes-Benz ","Mercedes-Benz GLC",116,1.1
2016,2,"Mercedes-Benz ","Mercedes-Benz GLC",106,0.9
2014,12,"Volkswagen ","Volkswagen Passat",324,2.6
2015,1,"Volkswagen ","Volkswagen Passat",254,2.4
2015,2,"Volkswagen ","Volkswagen Passat",204,1.9
2015,3,"Volkswagen ","Volkswagen Passat",229,1.6
2015,4,"Volkswagen ","Volkswagen Passat",354,2.8
2015,5,"Volkswagen ","Volkswagen Passat",236,2
2015,6,"Volkswagen ","Volkswagen Passat",308,2.2
2015,7,"Volkswagen ","Volkswagen Passat",356,2.9
2015,8,"Volkswagen ","Volkswagen Passat",240,1.9
2015,9,"Volkswagen ","Volkswagen Passat",184,1.5
2015,10,"Volkswagen ","Volkswagen Passat",286,2.2
2015,11,"Volkswagen ","Volkswagen Passat",358,2.8
2015,12,"Volkswagen ","Volkswagen Passat",198,1.5
2016,1,"Volkswagen ","Volkswagen Passat",236,2.1
2016,2,"Volkswagen ","Volkswagen Passat",310,2.5
2016,3,"Volkswagen ","Volkswagen Passat",372,2.7
2016,4,"Volkswagen ","Volkswagen Passat",684,4.8
2016,5,"Volkswagen ","Volkswagen Passat",530,4.1
2016,6,"Volkswagen ","Volkswagen Passat",463,3.4
2016,7,"Volkswagen ","Volkswagen Passat",444,4
2016,8,"Volkswagen ","Volkswagen Passat",358,2.7
2016,9,"Volkswagen ","Volkswagen Passat",314,2.3
2016,10,"Volkswagen ","Volkswagen Passat",487,4.1
2016,11,"Volkswagen ","Volkswagen Passat",316,2.4
2016,12,"Volkswagen ","Volkswagen Passat",299,2.2
2014,12,"Volkswagen ","Volkswagen Tiguan",195,1.5
2015,1,"Volkswagen ","Volkswagen Tiguan",118,1.1
2016,7,"Volkswagen ","Volkswagen Tiguan",305,2.8
2016,8,"Volkswagen ","Volkswagen Tiguan",331,2.5
2016,9,"Volkswagen ","Volkswagen Tiguan",416,3
2016,10,"Volkswagen ","Volkswagen Tiguan",419,3.5
2016,11,"Volkswagen ","Volkswagen Tiguan",406,3.1
2016,12,"Volkswagen ","Volkswagen Tiguan",650,4.8
2016,1,"Volkswagen ","Volkswagen Touran",65,0.6
2016,2,"Volkswagen ","Volkswagen Touran",65,0.5
2014,12,"Mitsubishi ","Mitsubishi Outlander",163,1.3
2015,1,"Mitsubishi ","Mitsubishi Outlander",326,3.1
2015,2,"Mitsubishi ","Mitsubishi Outlander",157,1.5
2015,3,"Mitsubishi ","Mitsubishi Outlander",204,1.4
2015,4,"Mitsubishi ","Mitsubishi Outlander",280,2.2
2015,5,"Mitsubishi ","Mitsubishi Outlander",399,3.3
2015,6,"Mitsubishi ","Mitsubishi Outlander",487,3.4
2015,7,"Mitsubishi ","Mitsubishi Outlander",126,1
2015,8,"Mitsubishi ","Mitsubishi Outlander",88,0.7
2015,9,"Mitsubishi ","Mitsubishi Outlander",222,1.8
2015,10,"Mitsubishi ","Mitsubishi Outlander",527,4
2015,11,"Mitsubishi ","Mitsubishi Outlander",578,4.6
2015,12,"Mitsubishi ","Mitsubishi Outlander",561,4.3
2016,1,"Mitsubishi ","Mitsubishi Outlander",145,1.3
2016,2,"Mitsubishi ","Mitsubishi Outlander",553,4.5
2016,3,"Mitsubishi ","Mitsubishi Outlander",739,5.3
2016,4,"Mitsubishi ","Mitsubishi Outlander",569,4
2016,5,"Mitsubishi ","Mitsubishi Outlander",553,4.3
2016,6,"Mitsubishi ","Mitsubishi Outlander",590,4.3
2016,7,"Mitsubishi ","Mitsubishi Outlander",552,5
2016,8,"Mitsubishi ","Mitsubishi Outlander",405,3.1
2016,9,"Mitsubishi ","Mitsubishi Outlander",455,3.3
2016,10,"Mitsubishi ","Mitsubishi Outlander",365,3.1
2016,11,"Mitsubishi ","Mitsubishi Outlander",406,3.1
2016,12,"Mitsubishi ","Mitsubishi Outlander",355,2.6
2015,3,"Mercedes-Benz ","Mercedes-Benz B-klasse",91,0.6
2015,4,"Mercedes-Benz ","Mercedes-Benz B-klasse",178,1.4
2015,7,"Mercedes-Benz ","Mercedes-Benz B-klasse",263,2.1
2015,8,"Mercedes-Benz ","Mercedes-Benz B-klasse",220,1.7
2015,9,"Mercedes-Benz ","Mercedes-Benz B-klasse",153,1.2
2015,10,"Mercedes-Benz ","Mercedes-Benz B-klasse",108,0.8
2015,11,"Mercedes-Benz ","Mercedes-Benz B-klasse",141,1.1
2015,12,"Mercedes-Benz ","Mercedes-Benz B-klasse",159,1.2
2016,1,"Mercedes-Benz ","Mercedes-Benz B-klasse",111,1
2016,2,"Mercedes-Benz ","Mercedes-Benz B-klasse",106,0.9
2016,3,"Mercedes-Benz ","Mercedes-Benz B-klasse",179,1.3
2016,4,"Mercedes-Benz ","Mercedes-Benz B-klasse",156,1.1
2016,5,"Mercedes-Benz ","Mercedes-Benz B-klasse",204,1.6
2016,6,"Mercedes-Benz ","Mercedes-Benz B-klasse",215,1.6
2016,7,"Mercedes-Benz ","Mercedes-Benz B-klasse",123,1.1
2016,8,"Mercedes-Benz ","Mercedes-Benz B-klasse",300,2.3
2016,9,"Mercedes-Benz ","Mercedes-Benz B-klasse",258,1.9
2016,10,"Mercedes-Benz ","Mercedes-Benz B-klasse",187,1.6
2016,11,"Mercedes-Benz ","Mercedes-Benz B-klasse",232,1.8
2016,12,"Mercedes-Benz ","Mercedes-Benz B-klasse",200,1.5
2015,1,"Mercedes-Benz ","Mercedes-Benz C-klasse",178,1.7
2015,2,"Mercedes-Benz ","Mercedes-Benz C-klasse",172,1.6
2015,3,"Mercedes-Benz ","Mercedes-Benz C-klasse",133,0.9
2015,4,"Mercedes-Benz ","Mercedes-Benz C-klasse",166,1.3
2015,5,"Mercedes-Benz ","Mercedes-Benz C-klasse",144,1.2
2015,6,"Mercedes-Benz ","Mercedes-Benz C-klasse",142,1
2015,8,"Mercedes-Benz ","Mercedes-Benz C-klasse",126,1
2016,1,"Mercedes-Benz ","Mercedes-Benz C-klasse",159,1.4
2016,2,"Mercedes-Benz ","Mercedes-Benz C-klasse",130,1.1
2016,3,"Mercedes-Benz ","Mercedes-Benz C-klasse",159,1.1
2016,4,"Mercedes-Benz ","Mercedes-Benz C-klasse",104,0.7
2016,5,"Mercedes-Benz ","Mercedes-Benz C-klasse",161,1.3
2016,6,"Mercedes-Benz ","Mercedes-Benz C-klasse",144,1.1
2016,7,"Mercedes-Benz ","Mercedes-Benz C-klasse",128,1.2
2016,9,"Mercedes-Benz ","Mercedes-Benz C-klasse",208,1.5
2016,10,"Mercedes-Benz ","Mercedes-Benz C-klasse",139,1.2
2015,4,"Mercedes-Benz ","Mercedes-Benz E-klasse",48,0.4
2016,3,"Mercedes-Benz ","Mercedes-Benz E-klasse",123,0.9
2016,4,"Mercedes-Benz ","Mercedes-Benz E-klasse",120,0.9
